ISIN,Полное наименование ЦБ,Объем эмиссии (млн),payment_date,Номинал,Валюта номинала,Непогашенный номинал,"Ставка купона,  % годовых",payment_amount,code
RU000A0JVW48,ОФЗ-ПД 26218 17/09/31,597608.211,2016-04-06,1000,RUB,1000,8.5,37.49,26218
RU000A0JVW48,ОФЗ-ПД 26218 17/09/31,597608.211,2016-10-05,1000,RUB,1000,8.5,42.38,26218
RU000A0JVW48,ОФЗ-ПД 26218 17/09/31,597608.211,2017-04-05,1000,RUB,1000,8.5,42.38,26218
RU000A0JVW48,ОФЗ-ПД 26218 17/09/31,597608.211,2017-10-04,1000,RUB,1000,8.5,42.38,26218
RU000A0JVW48,ОФЗ-ПД 26218 17/09/31,597608.211,2018-04-04,1000,RUB,1000,8.5,42.38,26218
RU000A0JVW48,ОФЗ-ПД 26218 17/09/31,597608.211,2018-10-03,1000,RUB,1000,8.5,42.38,26218
RU000A0JVW48,ОФЗ-ПД 26218 17/09/31,597608.211,2019-04-03,1000,RUB,1000,8.5,42.38,26218
RU000A0JVW48,ОФЗ-ПД 26218 17/09/31,597608.211,2019-10-02,1000,RUB,1000,8.5,42.38,26218
RU000A0JVW48,ОФЗ-ПД 26218 17/09/31,597608.211,2020-04-01,1000,RUB,1000,8.5,42.38,26218
RU000A0JVW48,ОФЗ-ПД 26218 17/09/31,597608.211,2020-09-30,1000,RUB,1000,8.5,42.38,26218
RU000A0JVW48,ОФЗ-ПД 26218 17/09/31,597608.211,2021-03-31,1000,RUB,1000,8.5,42.38,26218
RU000A0JVW48,ОФЗ-ПД 26218 17/09/31,597608.211,2021-09-29,1000,RUB,1000,8.5,42.38,26218
RU000A0JVW48,ОФЗ-ПД 26218 17/09/31,597608.211,2022-03-30,1000,RUB,1000,8.5,42.38,26218
RU000A0JVW48,ОФЗ-ПД 26218 17/09/31,597608.211,2022-09-28,1000,RUB,1000,8.5,42.38,26218
RU000A0JVW48,ОФЗ-ПД 26218 17/09/31,597608.211,2023-03-29,1000,RUB,1000,8.5,42.38,26218
RU000A0JVW48,ОФЗ-ПД 26218 17/09/31,597608.211,2023-09-27,1000,RUB,1000,8.5,42.38,26218
RU000A0JVW48,ОФЗ-ПД 26218 17/09/31,597608.211,2024-03-27,1000,RUB,1000,8.5,42.38,26218
RU000A0JVW48,ОФЗ-ПД 26218 17/09/31,597608.211,2024-09-25,1000,RUB,1000,8.5,42.38,26218
RU000A0JVW48,ОФЗ-ПД 26218 17/09/31,597608.211,2025-03-26,1000,RUB,1000,8.5,42.38,26218
RU000A0JVW48,ОФЗ-ПД 26218 17/09/31,597608.211,2025-09-24,1000,RUB,1000,8.5,42.38,26218
RU000A0JVW48,ОФЗ-ПД 26218 17/09/31,597608.211,2026-03-25,1000,RUB,1000,8.5,42.38,26218
RU000A0JVW48,ОФЗ-ПД 26218 17/09/31,597608.211,2026-09-23,1000,RUB,1000,8.5,42.38,26218
RU000A0JVW48,ОФЗ-ПД 26218 17/09/31,597608.211,2027-03-24,1000,RUB,1000,8.5,42.38,26218
RU000A0JVW48,ОФЗ-ПД 26218 17/09/31,597608.211,2027-09-22,1000,RUB,1000,8.5,42.38,26218
RU000A0JVW48,ОФЗ-ПД 26218 17/09/31,597608.211,2028-03-22,1000,RUB,1000,8.5,42.38,26218
RU000A0JVW48,ОФЗ-ПД 26218 17/09/31,597608.211,2028-09-20,1000,RUB,1000,8.5,42.38,26218
RU000A0JVW48,ОФЗ-ПД 26218 17/09/31,597608.211,2029-03-21,1000,RUB,1000,8.5,42.38,26218
RU000A0JVW48,ОФЗ-ПД 26218 17/09/31,597608.211,2029-09-19,1000,RUB,1000,8.5,42.38,26218
RU000A0JVW48,ОФЗ-ПД 26218 17/09/31,597608.211,2030-03-20,1000,RUB,1000,8.5,42.38,26218
RU000A0JVW48,ОФЗ-ПД 26218 17/09/31,597608.211,2030-09-18,1000,RUB,1000,8.5,42.38,26218
RU000A0JVW48,ОФЗ-ПД 26218 17/09/31,597608.211,2031-03-19,1000,RUB,1000,8.5,42.38,26218
RU000A0JVW48,ОФЗ-ПД 26218 17/09/31,597608.211,2031-09-17,1000,RUB,1000,100.0,1000.0,26218
RU000A0JVW48,ОФЗ-ПД 26218 17/09/31,597608.211,2031-09-17,1000,RUB,1000,8.5,42.38,26218
RU000A0JWM07,ОФЗ-ПД 26219 16/09/26,361974.169,2016-09-28,1000,RUB,1000,7.75,19.32,26219
RU000A0JWM07,ОФЗ-ПД 26219 16/09/26,361974.169,2017-03-29,1000,RUB,1000,7.75,38.64,26219
RU000A0JWM07,ОФЗ-ПД 26219 16/09/26,361974.169,2017-09-27,1000,RUB,1000,7.75,38.64,26219
RU000A0JWM07,ОФЗ-ПД 26219 16/09/26,361974.169,2018-03-28,1000,RUB,1000,7.75,38.64,26219
RU000A0JWM07,ОФЗ-ПД 26219 16/09/26,361974.169,2018-09-26,1000,RUB,1000,7.75,38.64,26219
RU000A0JWM07,ОФЗ-ПД 26219 16/09/26,361974.169,2019-03-27,1000,RUB,1000,7.75,38.64,26219
RU000A0JWM07,ОФЗ-ПД 26219 16/09/26,361974.169,2019-09-25,1000,RUB,1000,7.75,38.64,26219
RU000A0JWM07,ОФЗ-ПД 26219 16/09/26,361974.169,2020-03-25,1000,RUB,1000,7.75,38.64,26219
RU000A0JWM07,ОФЗ-ПД 26219 16/09/26,361974.169,2020-09-23,1000,RUB,1000,7.75,38.64,26219
RU000A0JWM07,ОФЗ-ПД 26219 16/09/26,361974.169,2021-03-24,1000,RUB,1000,7.75,38.64,26219
RU000A0JWM07,ОФЗ-ПД 26219 16/09/26,361974.169,2021-09-22,1000,RUB,1000,7.75,38.64,26219
RU000A0JWM07,ОФЗ-ПД 26219 16/09/26,361974.169,2022-03-23,1000,RUB,1000,7.75,38.64,26219
RU000A0JWM07,ОФЗ-ПД 26219 16/09/26,361974.169,2022-09-21,1000,RUB,1000,7.75,38.64,26219
RU000A0JWM07,ОФЗ-ПД 26219 16/09/26,361974.169,2023-03-22,1000,RUB,1000,7.75,38.64,26219
RU000A0JWM07,ОФЗ-ПД 26219 16/09/26,361974.169,2023-09-20,1000,RUB,1000,7.75,38.64,26219
RU000A0JWM07,ОФЗ-ПД 26219 16/09/26,361974.169,2024-03-20,1000,RUB,1000,7.75,38.64,26219
RU000A0JWM07,ОФЗ-ПД 26219 16/09/26,361974.169,2024-09-18,1000,RUB,1000,7.75,38.64,26219
RU000A0JWM07,ОФЗ-ПД 26219 16/09/26,361974.169,2025-03-19,1000,RUB,1000,7.75,38.64,26219
RU000A0JWM07,ОФЗ-ПД 26219 16/09/26,361974.169,2025-09-17,1000,RUB,1000,7.75,38.64,26219
RU000A0JWM07,ОФЗ-ПД 26219 16/09/26,361974.169,2026-03-18,1000,RUB,1000,7.75,38.64,26219
RU000A0JWM07,ОФЗ-ПД 26219 16/09/26,361974.169,2026-09-16,1000,RUB,1000,100.0,1000.0,26219
RU000A0JWM07,ОФЗ-ПД 26219 16/09/26,361974.169,2026-09-16,1000,RUB,1000,7.75,38.64,26219
RU000A0JXFM1,ОФЗ-ПД 26221 23/03/33,396268.629,2017-10-11,1000,RUB,1000,7.7,50.21,26221
RU000A0JXFM1,ОФЗ-ПД 26221 23/03/33,396268.629,2018-04-11,1000,RUB,1000,7.7,38.39,26221
RU000A0JXFM1,ОФЗ-ПД 26221 23/03/33,396268.629,2018-10-10,1000,RUB,1000,7.7,38.39,26221
RU000A0JXFM1,ОФЗ-ПД 26221 23/03/33,396268.629,2019-04-10,1000,RUB,1000,7.7,38.39,26221
RU000A0JXFM1,ОФЗ-ПД 26221 23/03/33,396268.629,2019-10-09,1000,RUB,1000,7.7,38.39,26221
RU000A0JXFM1,ОФЗ-ПД 26221 23/03/33,396268.629,2020-04-08,1000,RUB,1000,7.7,38.39,26221
RU000A0JXFM1,ОФЗ-ПД 26221 23/03/33,396268.629,2020-10-07,1000,RUB,1000,7.7,38.39,26221
RU000A0JXFM1,ОФЗ-ПД 26221 23/03/33,396268.629,2021-04-07,1000,RUB,1000,7.7,38.39,26221
RU000A0JXFM1,ОФЗ-ПД 26221 23/03/33,396268.629,2021-10-06,1000,RUB,1000,7.7,38.39,26221
RU000A0JXFM1,ОФЗ-ПД 26221 23/03/33,396268.629,2022-04-06,1000,RUB,1000,7.7,38.39,26221
RU000A0JXFM1,ОФЗ-ПД 26221 23/03/33,396268.629,2022-10-05,1000,RUB,1000,7.7,38.39,26221
RU000A0JXFM1,ОФЗ-ПД 26221 23/03/33,396268.629,2023-04-05,1000,RUB,1000,7.7,38.39,26221
RU000A0JXFM1,ОФЗ-ПД 26221 23/03/33,396268.629,2023-10-04,1000,RUB,1000,7.7,38.39,26221
RU000A0JXFM1,ОФЗ-ПД 26221 23/03/33,396268.629,2024-04-03,1000,RUB,1000,7.7,38.39,26221
RU000A0JXFM1,ОФЗ-ПД 26221 23/03/33,396268.629,2024-10-02,1000,RUB,1000,7.7,38.39,26221
RU000A0JXFM1,ОФЗ-ПД 26221 23/03/33,396268.629,2025-04-02,1000,RUB,1000,7.7,38.39,26221
RU000A0JXFM1,ОФЗ-ПД 26221 23/03/33,396268.629,2025-10-01,1000,RUB,1000,7.7,38.39,26221
RU000A0JXFM1,ОФЗ-ПД 26221 23/03/33,396268.629,2026-04-01,1000,RUB,1000,7.7,38.39,26221
RU000A0JXFM1,ОФЗ-ПД 26221 23/03/33,396268.629,2026-09-30,1000,RUB,1000,7.7,38.39,26221
RU000A0JXFM1,ОФЗ-ПД 26221 23/03/33,396268.629,2027-03-31,1000,RUB,1000,7.7,38.39,26221
RU000A0JXFM1,ОФЗ-ПД 26221 23/03/33,396268.629,2027-09-29,1000,RUB,1000,7.7,38.39,26221
RU000A0JXFM1,ОФЗ-ПД 26221 23/03/33,396268.629,2028-03-29,1000,RUB,1000,7.7,38.39,26221
RU000A0JXFM1,ОФЗ-ПД 26221 23/03/33,396268.629,2028-09-27,1000,RUB,1000,7.7,38.39,26221
RU000A0JXFM1,ОФЗ-ПД 26221 23/03/33,396268.629,2029-03-28,1000,RUB,1000,7.7,38.39,26221
RU000A0JXFM1,ОФЗ-ПД 26221 23/03/33,396268.629,2029-09-26,1000,RUB,1000,7.7,38.39,26221
RU000A0JXFM1,ОФЗ-ПД 26221 23/03/33,396268.629,2030-03-27,1000,RUB,1000,7.7,38.39,26221
RU000A0JXFM1,ОФЗ-ПД 26221 23/03/33,396268.629,2030-09-25,1000,RUB,1000,7.7,38.39,26221
RU000A0JXFM1,ОФЗ-ПД 26221 23/03/33,396268.629,2031-03-26,1000,RUB,1000,7.7,38.39,26221
RU000A0JXFM1,ОФЗ-ПД 26221 23/03/33,396268.629,2031-09-24,1000,RUB,1000,7.7,38.39,26221
RU000A0JXFM1,ОФЗ-ПД 26221 23/03/33,396268.629,2032-03-24,1000,RUB,1000,7.7,38.39,26221
RU000A0JXFM1,ОФЗ-ПД 26221 23/03/33,396268.629,2032-09-22,1000,RUB,1000,7.7,38.39,26221
RU000A0JXFM1,ОФЗ-ПД 26221 23/03/33,396268.629,2033-03-23,1000,RUB,1000,100.0,1000.0,26221
RU000A0JXFM1,ОФЗ-ПД 26221 23/03/33,396268.629,2033-03-23,1000,RUB,1000,7.7,38.39,26221
RU000A101F94,ОФЗ-ПД 26233 18/07/2035,599487.782,2020-08-05,1000,RUB,1000,6.1,28.08,26233
RU000A101F94,ОФЗ-ПД 26233 18/07/2035,599487.782,2021-02-03,1000,RUB,1000,6.1,30.42,26233
RU000A101F94,ОФЗ-ПД 26233 18/07/2035,599487.782,2021-08-04,1000,RUB,1000,6.1,30.42,26233
RU000A101F94,ОФЗ-ПД 26233 18/07/2035,599487.782,2022-02-02,1000,RUB,1000,6.1,30.42,26233
RU000A101F94,ОФЗ-ПД 26233 18/07/2035,599487.782,2022-08-03,1000,RUB,1000,6.1,30.42,26233
RU000A101F94,ОФЗ-ПД 26233 18/07/2035,599487.782,2023-02-01,1000,RUB,1000,6.1,30.42,26233
RU000A101F94,ОФЗ-ПД 26233 18/07/2035,599487.782,2023-08-02,1000,RUB,1000,6.1,30.42,26233
RU000A101F94,ОФЗ-ПД 26233 18/07/2035,599487.782,2024-01-31,1000,RUB,1000,6.1,30.42,26233
RU000A101F94,ОФЗ-ПД 26233 18/07/2035,599487.782,2024-07-31,1000,RUB,1000,6.1,30.42,26233
RU000A101F94,ОФЗ-ПД 26233 18/07/2035,599487.782,2025-01-29,1000,RUB,1000,6.1,30.42,26233
RU000A101F94,ОФЗ-ПД 26233 18/07/2035,599487.782,2025-07-30,1000,RUB,1000,6.1,30.42,26233
RU000A101F94,ОФЗ-ПД 26233 18/07/2035,599487.782,2026-01-28,1000,RUB,1000,6.1,30.42,26233
RU000A101F94,ОФЗ-ПД 26233 18/07/2035,599487.782,2026-07-29,1000,RUB,1000,6.1,30.42,26233
RU000A101F94,ОФЗ-ПД 26233 18/07/2035,599487.782,2027-01-27,1000,RUB,1000,6.1,30.42,26233
RU000A101F94,ОФЗ-ПД 26233 18/07/2035,599487.782,2027-07-28,1000,RUB,1000,6.1,30.42,26233
RU000A101F94,ОФЗ-ПД 26233 18/07/2035,599487.782,2028-01-26,1000,RUB,1000,6.1,30.42,26233
RU000A101F94,ОФЗ-ПД 26233 18/07/2035,599487.782,2028-07-26,1000,RUB,1000,6.1,30.42,26233
RU000A101F94,ОФЗ-ПД 26233 18/07/2035,599487.782,2029-01-24,1000,RUB,1000,6.1,30.42,26233
RU000A101F94,ОФЗ-ПД 26233 18/07/2035,599487.782,2029-07-25,1000,RUB,1000,6.1,30.42,26233
RU000A101F94,ОФЗ-ПД 26233 18/07/2035,599487.782,2030-01-23,1000,RUB,1000,6.1,30.42,26233
RU000A101F94,ОФЗ-ПД 26233 18/07/2035,599487.782,2030-07-24,1000,RUB,1000,6.1,30.42,26233
RU000A101F94,ОФЗ-ПД 26233 18/07/2035,599487.782,2031-01-22,1000,RUB,1000,6.1,30.42,26233
RU000A101F94,ОФЗ-ПД 26233 18/07/2035,599487.782,2031-07-23,1000,RUB,1000,6.1,30.42,26233
RU000A101F94,ОФЗ-ПД 26233 18/07/2035,599487.782,2032-01-21,1000,RUB,1000,6.1,30.42,26233
RU000A101F94,ОФЗ-ПД 26233 18/07/2035,599487.782,2032-07-21,1000,RUB,1000,6.1,30.42,26233
RU000A101F94,ОФЗ-ПД 26233 18/07/2035,599487.782,2033-01-19,1000,RUB,1000,6.1,30.42,26233
RU000A101F94,ОФЗ-ПД 26233 18/07/2035,599487.782,2033-07-20,1000,RUB,1000,6.1,30.42,26233
RU000A101F94,ОФЗ-ПД 26233 18/07/2035,599487.782,2034-01-18,1000,RUB,1000,6.1,30.42,26233
RU000A101F94,ОФЗ-ПД 26233 18/07/2035,599487.782,2034-07-19,1000,RUB,1000,6.1,30.42,26233
RU000A101F94,ОФЗ-ПД 26233 18/07/2035,599487.782,2035-01-17,1000,RUB,1000,6.1,30.42,26233
RU000A101F94,ОФЗ-ПД 26233 18/07/2035,599487.782,2035-07-18,1000,RUB,1000,100.0,1000.0,26233
RU000A101F94,ОФЗ-ПД 26233 18/07/2035,599487.782,2035-07-18,1000,RUB,1000,6.1,30.42,26233
RU000A102BT8,ОФЗ-ПД 26236 17/05/2028,498594.408,2021-05-26,1000,RUB,1000,5.7,30.61,26236
RU000A102BT8,ОФЗ-ПД 26236 17/05/2028,498594.408,2021-11-24,1000,RUB,1000,5.7,28.42,26236
RU000A102BT8,ОФЗ-ПД 26236 17/05/2028,498594.408,2022-05-25,1000,RUB,1000,5.7,28.42,26236
RU000A102BT8,ОФЗ-ПД 26236 17/05/2028,498594.408,2022-11-23,1000,RUB,1000,5.7,28.42,26236
RU000A102BT8,ОФЗ-ПД 26236 17/05/2028,498594.408,2023-05-24,1000,RUB,1000,5.7,28.42,26236
RU000A102BT8,ОФЗ-ПД 26236 17/05/2028,498594.408,2023-11-22,1000,RUB,1000,5.7,28.42,26236
RU000A102BT8,ОФЗ-ПД 26236 17/05/2028,498594.408,2024-05-22,1000,RUB,1000,5.7,28.42,26236
RU000A102BT8,ОФЗ-ПД 26236 17/05/2028,498594.408,2024-11-20,1000,RUB,1000,5.7,28.42,26236
RU000A102BT8,ОФЗ-ПД 26236 17/05/2028,498594.408,2025-05-21,1000,RUB,1000,5.7,28.42,26236
RU000A102BT8,ОФЗ-ПД 26236 17/05/2028,498594.408,2025-11-19,1000,RUB,1000,5.7,28.42,26236
RU000A102BT8,ОФЗ-ПД 26236 17/05/2028,498594.408,2026-05-20,1000,RUB,1000,5.7,28.42,26236
RU000A102BT8,ОФЗ-ПД 26236 17/05/2028,498594.408,2026-11-18,1000,RUB,1000,5.7,28.42,26236
RU000A102BT8,ОФЗ-ПД 26236 17/05/2028,498594.408,2027-05-19,1000,RUB,1000,5.7,28.42,26236
RU000A102BT8,ОФЗ-ПД 26236 17/05/2028,498594.408,2027-11-17,1000,RUB,1000,5.7,28.42,26236
RU000A102BT8,ОФЗ-ПД 26236 17/05/2028,498594.408,2028-05-17,1000,RUB,1000,100.0,1000.0,26236
RU000A102BT8,ОФЗ-ПД 26236 17/05/2028,498594.408,2028-05-17,1000,RUB,1000,5.7,28.42,26236
